[
  {
    "id": "78679da4-07e0-477c-99cd-65e4e165c80a",
    "data": [
      {
        "text": "Talegaon Dabhade Pune",
        "alias": "address",
        "meta": "@sys.any",
        "userDefined": true
      }
    ],
    "isTemplate": false,
    "count": 0,
    "updated": 1504076512
  },
  {
    "id": "d84356b7-bf02-44ca-8d15-39ec74412441",
    "data": [
      {
        "text": "A/F1 Nishigandha Apt Swaraj nagari Talegaon Dabhade Pune",
        "userDefined": false
      }
    ],
    "isTemplate": true,
    "count": 0,
    "updated": 1504074548
  }
]