[
  {
    "id": "83d5fd8e-c59c-4950-83de-f2e5b286932f",
    "data": [
      {
        "text": "yesterday",
        "alias": "date",
        "meta": "@sys.date",
        "userDefined": true
      }
    ],
    "isTemplate": false,
    "count": 0,
    "updated": 1504074267
  },
  {
    "id": "d9e6f76c-7a3a-437d-b1e7-3f9cc28be797",
    "data": [
      {
        "text": "today",
        "alias": "date",
        "meta": "@sys.date",
        "userDefined": true
      }
    ],
    "isTemplate": false,
    "count": 0,
    "updated": 1504073228
  },
  {
    "id": "6cdf2fb2-e2a2-4649-b0f4-fdac188f5cec",
    "data": [
      {
        "text": "16th august 2017",
        "alias": "date",
        "meta": "@sys.date",
        "userDefined": true
      },
      {
        "text": "  at ",
        "userDefined": false
      },
      {
        "text": "2 pm",
        "alias": "time",
        "meta": "@sys.time",
        "userDefined": true
      },
      {
        "text": " in ",
        "userDefined": false
      },
      {
        "text": "park",
        "alias": "place",
        "meta": "@sys.any",
        "userDefined": true
      }
    ],
    "isTemplate": false,
    "count": 0,
    "updated": 1504072924
  },
  {
    "id": "701af132-4ae0-4bf1-b436-fe70b988f4bd",
    "data": [
      {
        "text": "16 august 2017",
        "alias": "date",
        "meta": "@sys.date",
        "userDefined": true
      },
      {
        "text": " at ",
        "userDefined": false
      },
      {
        "text": "4 pm",
        "alias": "time",
        "meta": "@sys.time",
        "userDefined": true
      }
    ],
    "isTemplate": false,
    "count": 0,
    "updated": 1504072924
  },
  {
    "id": "4ef7e272-582e-46a4-8527-25b1aa49e8d1",
    "data": [
      {
        "text": "16th august 2017",
        "alias": "date",
        "meta": "@sys.date",
        "userDefined": true
      }
    ],
    "isTemplate": false,
    "count": 0,
    "updated": 1504072924
  }
]