[
  {
    "id": "acd0c7f2-7684-4e8f-8e25-dd249f8bc893",
    "data": [
      {
        "text": "Claim Query",
        "alias": "quicklink",
        "meta": "@quicklink",
        "userDefined": true
      }
    ],
    "isTemplate": false,
    "count": 0,
    "updated": 1503909409
  },
  {
    "id": "dae68c0a-13b2-4688-a6a8-6eada0ba23fc",
    "data": [
      {
        "text": "Policy Query",
        "alias": "quicklink",
        "meta": "@quicklink",
        "userDefined": true
      }
    ],
    "isTemplate": false,
    "count": 0,
    "updated": 1503909409
  },
  {
    "id": "3526b13f-10ff-4b7a-ac19-4cdc78cc08a9",
    "data": [
      {
        "text": "Policy Enquiry",
        "alias": "quicklink",
        "meta": "@quicklink",
        "userDefined": true
      }
    ],
    "isTemplate": false,
    "count": 0,
    "updated": 1503909409
  },
  {
    "id": "a2be8714-a6b3-4a1f-bc43-2a1fc064ca82",
    "data": [
      {
        "text": "Claim Status",
        "alias": "quicklink",
        "meta": "@quicklink",
        "userDefined": true
      }
    ],
    "isTemplate": false,
    "count": 1,
    "updated": 1503909409
  },
  {
    "id": "a0a50f28-f03b-4ea2-8cd5-76e12bd53815",
    "data": [
      {
        "text": "Claim Registration",
        "alias": "quicklink",
        "meta": "@quicklink",
        "userDefined": true
      }
    ],
    "isTemplate": false,
    "count": 0,
    "updated": 1503909409
  }
]