[
  {
    "value": "Claim Registration",
    "synonyms": [
      "Claim Registration",
      "claim registration"
    ]
  },
  {
    "value": "Claim Status",
    "synonyms": [
      "Claim Status",
      "claim status"
    ]
  },
  {
    "value": "Policy Enquiry",
    "synonyms": [
      "Policy Enquiry",
      "policy enquiry"
    ]
  },
  {
    "value": "Policy Query",
    "synonyms": [
      "Policy Query",
      "policy query"
    ]
  },
  {
    "value": "Claim Query",
    "synonyms": [
      "Claim Query",
      "claim query"
    ]
  }
]